POINT_X,POINT_Y
113.210022,23.046878,2019